{
  "1": 0.1396581249999997,
  "2": 0.16857499999999923,
  "3": 0.0023256250000000126,
  "4": 0.08047874999999989,
  "5": 0.11117812499999916,
  "6": 0.21575125000000003,
  "7": 0.13215499999999938,
  "8": 0.022151249999999456,
  "9": 0.120374374999999,
  "10": 0.009148750000000068,
  "11": 0.23684437500000002,
  "12": 0.1269649999999989,
  "13": 0.08660187500000009,
  "14": 0.22656937500000093,
  "15": 0.15595250000000038,
  "16": 0.07178437499999916,
  "17": 0.23480312500000053,
  "18": 0.31258625000000057,
  "19": 0.010788125000000148,
  "20": 0.03722937499999938,
  "21": 0.05746812499999946,
  "22": 0.025388749999999814
}